team,p_reach_r16,p_reach_qf,p_reach_sf,p_reach_final,p_third_place,p_win_title
Spain,0.8965,0.7137,0.6158,0.4731,0.1096,0.3325
Argentina,0.9573,0.8378,0.6332,0.4046,0.1474,0.2228
England,0.89,0.6741,0.4672,0.2666,0.1224,0.1311
France,0.8576,0.6019,0.4314,0.1942,0.1331,0.0989
Brazil,0.6442,0.4555,0.2204,0.0924,0.0658,0.0339
Colombia,0.9172,0.5279,0.1846,0.0824,0.048,0.028
Belgium,0.7244,0.5124,0.1452,0.066,0.0372,0.0245
Portugal,0.6945,0.2015,0.131,0.062,0.0327,0.0241
Netherlands,0.5424,0.4109,0.1835,0.0634,0.0564,0.023
Morocco,0.4576,0.3343,0.1387,0.0486,0.0396,0.0178
Germany,0.5952,0.2255,0.1181,0.0338,0.0325,0.0135
Switzerland,0.7288,0.3737,0.1164,0.0477,0.0292,0.0132
Norway,0.6454,0.2505,0.0898,0.0286,0.022,0.008
Japan,0.3558,0.2093,0.0779,0.0233,0.0221,0.0061
Mexico,0.5513,0.168,0.0681,0.0205,0.0173,0.0045
Ecuador,0.4487,0.1259,0.0499,0.0148,0.0132,0.0037
Paraguay,0.4048,0.1269,0.0554,0.0132,0.0147,0.0025
United States,0.7417,0.2916,0.0443,0.0121,0.01,0.0022
Canada,0.6114,0.181,0.0456,0.009,0.0091,0.002
Austria,0.1035,0.0321,0.0144,0.0059,0.0032,0.0016
Croatia,0.3055,0.0527,0.0263,0.0091,0.0052,0.0014
Australia,0.5909,0.0959,0.0316,0.0078,0.0063,0.0014
Senegal,0.2756,0.1431,0.0198,0.006,0.0033,0.0009
Ivory Coast,0.3546,0.0847,0.0182,0.0032,0.004,0.0007
Egypt,0.4091,0.0559,0.0157,0.0036,0.0036,0.0006
Sweden,0.1424,0.0457,0.0151,0.0023,0.0037,0.0004
DR Congo,0.11,0.032,0.0085,0.0013,0.0017,0.0003
South Africa,0.3886,0.0738,0.0122,0.001,0.0026,0.0002
Algeria,0.2712,0.0879,0.0166,0.003,0.0035,0.0002
Bosnia and Herzegovina,0.2583,0.0529,0.0032,0.0003,0.0004,0.0
Cape Verde,0.0427,0.0104,0.0016,0.0002,0.0002,0.0
Ghana,0.0828,0.0105,0.0003,0.0,0.0,0.0
